Brand,IG,Website,Other Socials,Active Ads,Notes,Source
Elisa Johnson,@elisajohnson.co,https://elisajohnson.co/,,Unknown,Luxury eyewear brand,https://elisajohnson.co/;https://www.instagram.com/elisajohnson.co/;https://fashionista.com/2025/11/elisa-johnson-eyewear-brand
Crap Eyewear,@crapeyewear,https://www.crapeyewear.com/,,Unknown,LA-based sunglasses/eyewear,https://www.crapeyewear.com/;https://www.instagram.com/crapeyewear/
RAEN,@raen,https://raen.com/,,Unknown,RAEN Optics eyewear,https://raen.com/;https://www.instagram.com/raen/
KREWE,@krewe,https://www.krewe.com/,https://www.facebook.com/KREWE/,Unknown,New Orleans luxury eyewear,https://www.krewe.com/;https://www.instagram.com/krewe/;https://www.facebook.com/KREWE/
AKILA,@akila.la,https://akila.la/,,Unknown,Independent eyewear brand based in Los Angeles,https://akila.la/;https://www.instagram.com/akila.la/
Valley Eyewear,@valleyeyewear,https://valleyeyewear.com/,https://www.facebook.com/valleyeyewear/,Unknown,Luxury eyewear designed in Australia,https://valleyeyewear.com/;https://www.instagram.com/valleyeyewear/;https://www.facebook.com/valleyeyewear/
KALEOS,@kaleoscollection,https://kaleoscollection.com/,,Unknown,Barcelona-designed fashion eyewear brand,https://kaleoscollection.com/;https://www.instagram.com/kaleoscollection/
Pala Eyewear,@palaeyewear,https://palaeyewear.com/,https://www.facebook.com/palaeyewear/,Unknown,Ethical/sustainable eyewear brand funding eyecare in Africa,https://palaeyewear.com/;https://www.instagram.com/palaeyewear/;https://www.facebook.com/palaeyewear/
Sun Buddies,@sunbuddies,https://sunbuddieseyewear.com/,,Unknown,Swedish premium unisex eyewear line,https://sunbuddieseyewear.com/;https://www.instagram.com/sunbuddies/
GAST,@gast,https://www.gast-shop.com/,https://www.facebook.com/gasteyewear/,Unknown,Independent eyewear label based in Milan,https://www.gast-shop.com/;https://www.instagram.com/gast/;https://www.facebook.com/gasteyewear/
VEHLA,@vehla,https://vehla.com/,,Unknown,Eyewear & apparel brand (sunglasses focus),https://vehla.com/;https://www.instagram.com/vehla/
Meller,@meller,https://mellerbrand.com/,,Unknown,Barcelona-born sunglasses/eyewear brand,https://mellerbrand.com/;https://www.instagram.com/meller/
Sunday Somewhere,@sundaysomewhere,https://sundaysomewhere.com/,https://www.facebook.com/sundaysomewhere/,Unknown,Designer eyewear inspired by 70s aesthetics,https://sundaysomewhere.com/;https://www.instagram.com/sundaysomewhere/;https://www.facebook.com/sundaysomewhere/
Garrett Leight,@garrettleight,https://www.garrettleight.com/,,Unknown,California lifestyle premium eyewear,https://www.garrettleight.com/;https://www.instagram.com/garrettleight/
FORA,@fora_sunglasses,https://fora.pt/,https://www.facebook.com/FORAsunglasses/,Unknown,Lisbon independent eyewear brand,https://fora.pt/;https://www.instagram.com/fora_sunglasses/;https://www.facebook.com/FORAsunglasses/
Ffin Eyewear,@ffineyewear,https://ffineyewear.com/,https://www.facebook.com/ffineyewear,Unknown,Independent eyewear designed in Wales,https://ffineyewear.com/;https://www.instagram.com/ffineyewear/;https://www.facebook.com/ffineyewear
Akoni,@akonieyewear,https://akoni.com/,,Unknown,Designer eyewear made in Japan,https://akoni.com/;https://www.instagram.com/akonieyewear/
L.G.R,@lgrworld,https://www.lgrworld.com/en/,https://www.facebook.com/lgrworld,Unknown,Handmade in Italy luxury eyewear,https://www.lgrworld.com/en/;https://www.instagram.com/lgrworld/;https://www.facebook.com/lgrworld
MYKITA,@mykitaofficial,https://mykita.com/en,,Unknown,Handmade designer eyewear from Berlin,https://mykita.com/en;https://www.instagram.com/mykitaofficial/
Eco Eyewear,@ecoeyewear,https://eco-eyewear.com/,,Unknown,Sustainable eyewear brand (carbon negative).,https://eco-eyewear.com/pages/our-story;https://www.instagram.com/ecoeyewear/
Karün,@karun_world,https://usa.karuneyewear.com/,,Unknown,Radically sustainable eyewear brand from Patagonia.,https://usa.karuneyewear.com/;https://www.instagram.com/karun_world/
MITA Eyewear,@mitaeyewear,https://mita-eyewear.com/,https://www.facebook.com/mitaeyewear/,Unknown,Miami-born sustainable eyewear brand with Italian roots.,https://mita-eyewear.com/;https://www.instagram.com/mitaeyewear/;https://www.facebook.com/mitaeyewear/
District Vision,@districtvision,https://districtvision.com/,,Unknown,Performance running eyewear brand.,https://districtvision.com/;https://www.instagram.com/districtvision/
Matsuda,@matsudaeyewear,https://www.matsuda.com/,,Unknown,Hand crafted eyewear made in Japan.,https://www.matsuda.com/;https://www.instagram.com/matsudaeyewear/
Jacques Marie Mage,@jacquesmariemage,https://jacquesmariemage.com/,,Unknown,Limited-edition luxury eyewear handcrafted in Japan/Italy.,https://jacquesmariemage.com/;https://www.instagram.com/jacquesmariemage/
Barton Perreira,@bartonperreira,https://bartonperreira.com/,https://www.facebook.com/BartonPerreiraEyewear/,Unknown,"""Responsible luxury eyewear, handmade in Japan.""",
MOSCOT,@moscotnyc,https://moscot.com/,,Unknown,NYC heritage eyewear brand since 1915.,https://moscot.com/;https://www.instagram.com/moscotnyc/
Oliver Peoples,@oliverpeoples,https://www.oliverpeoples.com/en-us,https://www.facebook.com/oliverpeoples/,Unknown,Los Angeles luxury eyewear brand.,https://www.oliverpeoples.com/en-us;https://www.instagram.com/oliverpeoples/;https://www.facebook.com/oliverpeoples/
Gentle Monster,@gentlemonster,https://gentlemonster.com/,,Unknown,South Korean luxury eyewear brand.,https://gentlemonster.com/;https://www.instagram.com/gentlemonster/
DITA,@ditaeyewear,https://dita.com/,,Unknown,Luxury eyewear brand known for craftsmanship.,https://dita.com/;https://www.instagram.com/ditaeyewear/
Neven Eyewear,@neveneyewearofficial,https://neveneyewear.com/,,Unknown,Polarized sunglasses + prescription eyewear,https://neveneyewear.com/;https://www.instagram.com/neveneyewearofficial/
CHIMI,@chimi,https://chimi-online.com/us,,Unknown,Stockholm-based eyewear & ready-to-wear brand.,https://chimi-online.com/us;https://www.instagram.com/chimi/
SALT. Optics,@saltoptics,https://saltoptics.com/,,Unknown,Independent premium eyewear brand; handcrafted in Japan.,https://saltoptics.com/;https://www.instagram.com/saltoptics/
RETROSUPERFUTURE,@retrosuperfuture,https://retrosuperfuture.com/,https://www.facebook.com/retrosuperfuture/,Unknown,Milan-designed contemporary eyewear brand.,https://retrosuperfuture.com/;https://www.instagram.com/retrosuperfuture/;https://www.facebook.com/retrosuperfuture/
Etnia Barcelona,@etniabarcelona,https://www.etniabarcelona.com/us/en,,Unknown,Eyewear brand inspired by art & culture (Barcelona).,https://www.etniabarcelona.com/us/en;https://www.instagram.com/etniabarcelona/
WEB Eyewear,@webeyewearofficial,https://www.web-eyewear.com/,https://www.facebook.com/webeyewearofficial/,Unknown,Timeless essentials eyewear brand (Marcolin house brand).,https://www.web-eyewear.com/;https://www.instagram.com/webeyewearofficial/;https://www.facebook.com/webeyewearofficial/
Kuboraum,@kuboraum,https://www.kuboraum.com/,,Unknown,Berlin-designed mask-like eyewear handcrafted in Italy,https://www.kuboraum.com/;https://www.instagram.com/kuboraum/
Masunaga,@masunaga_since_1905_official,https://www.masunaga1905.com/en,,Unknown,Japanese eyewear brand since 1905,https://www.masunaga1905.com/en;https://www.instagram.com/masunaga_since_1905_official/
AHLEM,@ahlem,https://www.ahlemeyewear.com/,https://www.facebook.com/AHLEMEYEWEAR/,Unknown,Luxury eyewear handmade in France designed in LA,https://www.ahlemeyewear.com/;https://www.instagram.com/ahlem/;https://www.facebook.com/AHLEMEYEWEAR/
Cutler and Gross,@cutlerandgross,https://www.cutlerandgross.com/en-us,,Unknown,British eyewear handcrafted since 1969,https://www.cutlerandgross.com/en-us;https://www.instagram.com/cutlerandgross/
Linda Farrow,@lindafarrow,https://lindafarrow.com/en-us,,Unknown,London luxury eyewear since 1970,https://lindafarrow.com/en-us;https://www.instagram.com/lindafarrow/
ic! berlin,@icberlinofficial,https://www.ic-berlin.com/,,Unknown,High-end screwless eyewear from Berlin,https://www.ic-berlin.com/;https://www.instagram.com/icberlinofficial/
Shwood Eyewear,@shwoodshop,https://shwoodshop.com/,,Unknown,Handcrafted wood/acrylic eyewear from Portland,https://shwoodshop.com/;https://www.instagram.com/shwoodshop/
Proof Eyewear,@proofeyewear,https://www.iwantproof.com/,https://www.facebook.com/ProofEyewear/,Unknown,Sustainable eyewear brand focused on giving back,https://www.iwantproof.com/;https://www.instagram.com/proofeyewear/;https://www.facebook.com/ProofEyewear/
Caddis,@caddis_life,https://caddislife.com/,,Unknown,Readers/prescription/sunglasses focused on aging-positive messaging,https://caddislife.com/;https://www.instagram.com/caddis_life/
Vint & York,@vintandyork,https://www.vintandyork.com/,,Unknown,Vintage-inspired eyewear brand,https://www.vintandyork.com/;https://www.instagram.com/vintandyork/
ROKA,@roka,https://www.roka.com/,,Unknown,Performance optics and technical eyewear,https://www.roka.com/;https://www.instagram.com/roka/
Zeal Optics,@zealoptics,https://www.zealoptics.com/,,Unknown,Action-sport sunglasses and goggles brand,https://www.zealoptics.com/;https://www.instagram.com/zealoptics/
Goodr Sunglasses,@goodr,https://goodr.com/,,Unknown,Affordable active sunglasses brand (no slip/no bounce),https://goodr.com/;https://www.instagram.com/goodr/
Sunski,@sunski,https://sunski.com/,,Unknown,Sustainable outdoor sunglasses brand,https://sunski.com/;https://www.instagram.com/sunski/
Knockaround,@knockaround,https://knockaround.com/,,Unknown,Affordable sport/lifestyle sunglasses,https://knockaround.com/;https://www.instagram.com/knockaround/
Le Specs,@lespecs,https://lespecs.com/,,Unknown,Australian fashion sunglasses brand,https://lespecs.com/;https://www.instagram.com/lespecs/
IZIPIZI,@izipizi,https://www.izipizi.com/,,Unknown,Everyday glasses and sunglasses brand,https://www.izipizi.com/;https://www.instagram.com/izipizi/
KOMONO,@komono,https://www.komono.com/,,Unknown,Belgian accessories and eyewear brand,https://www.komono.com/;https://www.instagram.com/komono/
Kimeze,@kimeze,https://kimeze.com/,,Unknown,London-designed luxury eyewear,https://kimeze.com/;https://www.instagram.com/kimeze/
Bird Eyewear,@findyourbirds,https://findyourbirds.com/,,Unknown,Sustainable UK eyewear brand,https://findyourbirds.com/;https://www.instagram.com/findyourbirds/
CHILDE,@childe_co,https://childe.co/,,Unknown,Australian eco-sensitive eyewear,https://childe.co/;https://www.instagram.com/childe_co/
Bajio Sunglasses,@bajiosunglasses,https://bajiosunglasses.com/,,Unknown,Florida-based polarized fishing sunglasses,https://bajiosunglasses.com/;https://www.instagram.com/bajiosunglasses/
VALLON,@vallon_official,https://www.vallon.com/,,Unknown,Performance/lifestyle eyewear for outdoors,https://www.vallon.com/;https://www.instagram.com/vallon_official/
Randolph Engineering,@randolphusa,https://www.randolphusa.com/,,Unknown,Independent eyewear/sunglasses brand,https://www.randolphusa.com/;https://www.instagram.com/randolphusa/
Vuarnet,@vuarnet,https://www.vuarnet.com/,,Unknown,Independent eyewear/sunglasses brand,https://www.vuarnet.com/;https://www.instagram.com/vuarnet/
Persol,@persol,https://www.persol.com/,,Unknown,Independent eyewear/sunglasses brand,https://www.persol.com/;https://www.instagram.com/persol/
Oliver Goldsmith,@oliver_goldsmith,https://www.olivergoldsmith.com/,,Unknown,Independent eyewear/sunglasses brand,https://www.olivergoldsmith.com/;https://www.instagram.com/oliver_goldsmith/
Thierry Lasry,@thierrylasry,https://thierrylasry.com/,,Unknown,Independent eyewear/sunglasses brand,https://thierrylasry.com/;https://www.instagram.com/thierrylasry/
TAVAT,@tavateyewear,https://tavat-eyewear.com/,,Unknown,Independent eyewear/sunglasses brand,https://tavat-eyewear.com/;https://www.instagram.com/tavateyewear/
Rolf Spectacles,@rolf_spectacles,https://www.rolf-spectacles.com/,,Unknown,Independent eyewear/sunglasses brand,https://www.rolf-spectacles.com/;https://www.instagram.com/rolf_spectacles/
Blackfin,@blackfineyewear,https://www.blackfin.eu/,,Unknown,Independent eyewear/sunglasses brand,https://www.blackfin.eu/;https://www.instagram.com/blackfineyewear/
GIGI Studios,@gigistudios,https://www.gigistudios.com/,,Unknown,Independent eyewear/sunglasses brand,https://www.gigistudios.com/;https://www.instagram.com/gigistudios/
Lapima,@lapima,https://www.lapima.com/,,Unknown,Independent eyewear/sunglasses brand,https://www.lapima.com/;https://www.instagram.com/lapima/
OGI Eyewear,@ogispecs,https://www.ogi-eyewear.com/,,Unknown,Independent eyewear/sunglasses brand,https://www.ogi-eyewear.com/;https://www.instagram.com/ogispecs/
Sabine Be,@sabinebe,https://www.sabinebe.com/,,Unknown,Independent eyewear/sunglasses brand,https://www.sabinebe.com/;https://www.instagram.com/sabinebe/
Face a Face,@faceaface_paris,https://www.faceaface-paris.com/,,Unknown,Independent eyewear/sunglasses brand,https://www.faceaface-paris.com/;https://www.instagram.com/faceaface_paris/
LINDBERG,@lindbergeyewear,https://lindberg.com/,,Unknown,Independent eyewear/sunglasses brand,https://lindberg.com/;https://www.instagram.com/lindbergeyewear/
Anne et Valentin,@anneetvalentin,https://www.anneetvalentin.com/,,Unknown,Independent eyewear/sunglasses brand,https://www.anneetvalentin.com/;https://www.instagram.com/anneetvalentin/
SPY Optic,@spyoptic,https://www.spyoptic.com/,,Unknown,Independent eyewear/sunglasses brand,https://www.spyoptic.com/;https://www.instagram.com/spyoptic/
Blenders Eyewear,@blenders,https://www.blenderseyewear.com/,,Unknown,Independent eyewear/sunglasses brand,https://www.blenderseyewear.com/;https://www.instagram.com/blenders/
SunGod,@sungod,https://www.sungod.co/,,Unknown,Independent eyewear/sunglasses brand,https://www.sungod.co/;https://www.instagram.com/sungod/
JULBO,@julbo_eyewear,https://www.julbo.com/,,Unknown,Independent eyewear/sunglasses brand,https://www.julbo.com/;https://www.instagram.com/julbo_eyewear/
Julius Tart Optical,@juliustartoptical,https://www.juliustartoptical.com/,,Unknown,Independent eyewear/sunglasses brand,https://www.juliustartoptical.com/;https://www.instagram.com/juliustartoptical/
Warby Parker,@warbyparker,https://www.warbyparker.com/,,Unknown,Independent eyewear brand,https://www.warbyparker.com/;https://www.instagram.com/warbyparker/
Ace & Tate,@aceandtate,https://www.aceandtate.com/,,Unknown,Independent eyewear brand,https://www.aceandtate.com/;https://www.instagram.com/aceandtate/
Cubitts,@cubittseyewear,https://www.cubitts.com/,,Unknown,Independent eyewear brand,https://www.cubitts.com/;https://www.instagram.com/cubittseyewear/
Jimmy Fairly,@jimmyfairly,https://jimmyfairly.com/,,Unknown,Independent eyewear brand,https://jimmyfairly.com/;https://www.instagram.com/jimmyfairly/
JINS,@jins,https://www.jins.com/,,Unknown,Independent eyewear brand,https://www.jins.com/;https://www.instagram.com/jins/
EyeBuyDirect,@eyebuydirect,https://www.eyebuydirect.com/,,Unknown,Independent eyewear brand,https://www.eyebuydirect.com/;https://www.instagram.com/eyebuydirect/
Zenni Optical,@zennioptical,https://www.zennioptical.com/,,Unknown,Independent eyewear brand,https://www.zennioptical.com/;https://www.instagram.com/zennioptical/
Felix Gray,@felixgray,https://felixgray.com/,,Unknown,Independent eyewear brand,https://felixgray.com/;https://www.instagram.com/felixgray/
Privé Revaux,@priverevaux,https://priverevaux.com/,,Unknown,Independent eyewear brand,https://priverevaux.com/;https://www.instagram.com/priverevaux/
DIFF Eyewear,@diffeyewear,https://www.diffeyewear.com/,,Unknown,Independent eyewear brand,https://www.diffeyewear.com/;https://www.instagram.com/diffeyewear/
Quay Australia,@quayaustralia,https://www.quayaustralia.com/,,Unknown,Independent eyewear brand,https://www.quayaustralia.com/;https://www.instagram.com/quayaustralia/
illesteva,@illesteva,https://illesteva.com/,,Unknown,Independent eyewear brand,https://illesteva.com/;https://www.instagram.com/illesteva/
Kaenon,@kaenon,https://kaenon.com/,,Unknown,Independent eyewear brand,https://kaenon.com/;https://www.instagram.com/kaenon/
Dragon Alliance,@dragonalliance,https://www.dragonalliance.com/,,Unknown,Independent eyewear brand,https://www.dragonalliance.com/;https://www.instagram.com/dragonalliance/
Smith Optics,@smithoptics,https://www.smithoptics.com/,,Unknown,Independent eyewear brand,https://www.smithoptics.com/;https://www.instagram.com/smithoptics/
Maui Jim,@mauijim,https://www.mauijim.com/,,Unknown,Independent eyewear brand,https://www.mauijim.com/;https://www.instagram.com/mauijim/
Serengeti Eyewear,@serengetieyewear,https://www.serengeti-eyewear.com/,,Unknown,Independent eyewear brand,https://www.serengeti-eyewear.com/;https://www.instagram.com/serengetieyewear/
Revo,@revo,https://revo.com/,,Unknown,Independent eyewear brand,https://revo.com/;https://www.instagram.com/revo/
LA Eyeworks,@laeyeworks,https://www.laeyeworks.com/,,Unknown,Independent eyewear brand,https://www.laeyeworks.com/;https://www.instagram.com/laeyeworks/
Robert Marc,@robertmarcnyc,https://www.robertmarcnyc.com/,,Unknown,Independent eyewear brand,https://www.robertmarcnyc.com/;https://www.instagram.com/robertmarcnyc/
Selima Optique,@selimaoptique,https://selimaoptique.com/,,Unknown,Independent eyewear brand,https://selimaoptique.com/;https://www.instagram.com/selimaoptique/
Theo Eyewear,@theoeyewear,https://www.theo.be/,,Unknown,Independent eyewear brand,https://www.theo.be/;https://www.instagram.com/theoeyewear/
Orgreen Optics,@orgreenoptics,https://orgreenoptics.com/,,Unknown,Independent eyewear brand,https://orgreenoptics.com/;https://www.instagram.com/orgreenoptics/
Götti,@gotti_switzerland,https://www.gotti.ch/,,Unknown,Independent eyewear brand,https://www.gotti.ch/;https://www.instagram.com/gotti_switzerland/
Lunor,@lunorofficial,https://www.lunor.com/,,Unknown,Independent eyewear brand,https://www.lunor.com/;https://www.instagram.com/lunorofficial/
Morgenthal Frederics,@morgenthalfrederics,https://morgenthalfrederics.com/,,Unknown,Independent eyewear brand,https://morgenthalfrederics.com/;https://www.instagram.com/morgenthalfrederics/
MODO Eyewear,@modoeyewear,https://www.modo.com/,,Unknown,Independent eyewear brand,https://www.modo.com/;https://www.instagram.com/modoeyewear/
Rudy Project,@rudyproject,https://www.rudyproject.com/,,Unknown,Independent eyewear brand,https://www.rudyproject.com/;https://www.instagram.com/rudyproject/
Electric Eyewear,@electriccalifornia,https://www.electriccalifornia.com/,,Unknown,Independent eyewear brand,https://www.electriccalifornia.com/;https://www.instagram.com/electriccalifornia/
Native Eyewear,@nativeeyewear,https://www.nativeeyewear.com/,,Unknown,Independent eyewear brand,https://www.nativeeyewear.com/;https://www.instagram.com/nativeeyewear/
Article One,@articleoneeyewear,https://articleone.com/,,Unknown,Independent eyewear brand,https://articleone.com/;https://www.instagram.com/articleoneeyewear/
State Optical Co,@stateopticalco,https://stateopticalco.com/,,Unknown,Independent eyewear brand,https://stateopticalco.com/;https://www.instagram.com/stateopticalco/
FINLAY & Co,@finlayandco,https://www.finlayandco.com/,,Unknown,Independent eyewear brand,https://www.finlayandco.com/;https://www.instagram.com/finlayandco/
BLOOBLOOM,@bloobloom,https://www.bloobloom.com/,,Unknown,Independent eyewear brand,https://www.bloobloom.com/;https://www.instagram.com/bloobloom/
Tens,@tensofficial,https://www.tens.co/,,Unknown,Independent eyewear brand,https://www.tens.co/;https://www.instagram.com/tensofficial/
Monoqool,@monoqool,https://www.monoqool.com/,,Unknown,Independent eyewear brand,https://www.monoqool.com/;https://www.instagram.com/monoqool/
Andy Wolf,@andywolfeyewear,https://www.andy-wolf.com/,,Unknown,Independent eyewear brand,https://www.andy-wolf.com/;https://www.instagram.com/andywolfeyewear/
VAVA Eyewear,@vavaeyewear,https://www.vavaeyewear.com/,,Unknown,Independent eyewear brand,https://www.vavaeyewear.com/;https://www.instagram.com/vavaeyewear/
EYEVAN,@eyevan_japan,https://eyevaneyewear.com/,,Unknown,Independent eyewear brand,https://eyevaneyewear.com/;https://www.instagram.com/eyevan_japan/
Masahiromaruyama,@masahiromaruyama,https://www.masahiromaruyama.com/,,Unknown,Independent eyewear brand,https://www.masahiromaruyama.com/;https://www.instagram.com/masahiromaruyama/
Yellows Plus,@yellowsplus,https://www.yellowsplus.com/,,Unknown,Independent eyewear brand,https://www.yellowsplus.com/;https://www.instagram.com/yellowsplus/
Native Sons,@nativesons,https://nativesons.com/,,Unknown,Independent eyewear brand,https://nativesons.com/;https://www.instagram.com/nativesons/
BJ Classic Collection,@bjclassiccollection,https://bjclassiccollection.co.jp/,,Unknown,Independent eyewear brand,https://bjclassiccollection.co.jp/;https://www.instagram.com/bjclassiccollection/
Ayame,@ayame_optical,https://ayame-eyewear.com/,,Unknown,Independent eyewear brand,https://ayame-eyewear.com/;https://www.instagram.com/ayame_optical/
Mr. Leight,@mrleight,https://mrleight.com/,,Unknown,Independent eyewear brand,https://mrleight.com/;https://www.instagram.com/mrleight/
Parafina,@parafina,https://parafina.com/,,Unknown,Independent eyewear brand,https://parafina.com/;https://www.instagram.com/parafina/
Sea2see,@sea2see,https://sea2see.org/,,Unknown,Independent eyewear brand,https://sea2see.org/;https://www.instagram.com/sea2see/
Caroline Abram,@carolineabram,https://www.carolineabram.com/,,Unknown,Independent eyewear brand,https://www.carolineabram.com/;https://www.instagram.com/carolineabram/
WOOW,@wooweyewear,https://www.wooweyewear.com/,,Unknown,Independent eyewear brand,https://www.wooweyewear.com/;https://www.instagram.com/wooweyewear/
Lafont,@lafonteyewear,https://www.lafont.com/,,Unknown,Independent eyewear brand,https://www.lafont.com/;https://www.instagram.com/lafonteyewear/
J.F. Rey,@jfrey_official,https://www.jfrey.fr/,,Unknown,Independent eyewear brand,https://www.jfrey.fr/;https://www.instagram.com/jfrey_official/
Prodesign Denmark,@prodesign_denmark,https://www.prodesign-denmark.com/,,Unknown,Independent eyewear brand,https://www.prodesign-denmark.com/;https://www.instagram.com/prodesign_denmark/
Eque.M,@eque.m,https://equem.com/,,Unknown,Independent eyewear brand,https://equem.com/;https://www.instagram.com/eque.m/
Bailey Nelson,@baileynelson,https://baileynelson.com/,,Unknown,Independent eyewear brand,https://baileynelson.com/;https://www.instagram.com/baileynelson/
Oscar Wylee,@oscarwylee,https://www.oscarwylee.com/,,Unknown,Independent eyewear brand,https://www.oscarwylee.com/;https://www.instagram.com/oscarwylee/
Polette,@poletteeyewear,https://www.polette.com/,,Unknown,Independent eyewear brand,https://www.polette.com/;https://www.instagram.com/poletteeyewear/
Hawkers,@hawkersco,https://www.hawkersco.com/,,Unknown,Independent eyewear brand,https://www.hawkersco.com/;https://www.instagram.com/hawkersco/
Tifosi Optics,@tifosioptics,https://www.tifosioptics.com/,,Unknown,Independent eyewear brand,https://www.tifosioptics.com/;https://www.instagram.com/tifosioptics/
Shady Rays,@shadyrays,https://www.shadyrays.com/,,Unknown,Independent eyewear brand,https://www.shadyrays.com/;https://www.instagram.com/shadyrays/
Pit Viper,@pitviper,https://pitviper.com/,,Unknown,Independent eyewear brand,https://pitviper.com/;https://www.instagram.com/pitviper/
OTIS Eyewear,@otiseyewear,https://otiseyewear.com/,,Unknown,Independent eyewear brand,https://otiseyewear.com/;https://www.instagram.com/otiseyewear/
Carve Eyewear,@carveeyewear,https://carveeyewear.com/,,Unknown,Independent eyewear brand,https://carveeyewear.com/;https://www.instagram.com/carveeyewear/
Sunnies Studios,@sunniesstudios,https://sunniesstudios.com/,,Unknown,Independent eyewear brand,https://sunniesstudios.com/;https://www.instagram.com/sunniesstudios/
Bonnie Clyde,@bonnieclyde,https://bonnieclyde.la/,,Unknown,Independent eyewear brand,https://bonnieclyde.la/;https://www.instagram.com/bonnieclyde/
Monc Eyewear,@monceyewear,https://monceyewear.com/,,Unknown,Independent eyewear brand,https://monceyewear.com/;https://www.instagram.com/monceyewear/
HAPTER,@hapter,https://www.hapter.it/,,Unknown,Independent eyewear brand,https://www.hapter.it/;https://www.instagram.com/hapter/
Movitra,@movitra,https://movitra.it/,,Unknown,Independent eyewear brand,https://movitra.it/;https://www.instagram.com/movitra/
LOOL,@looleyewear,https://lool-eyewear.com/,,Unknown,Independent eyewear brand,https://lool-eyewear.com/;https://www.instagram.com/looleyewear/
Spektrum,@spektrum,https://spektrum-sports.com/,,Unknown,Independent eyewear brand,https://spektrum-sports.com/;https://www.instagram.com/spektrum/
Peep Eyewear,@peepeyewear,https://peepeyewear.com/,,Unknown,Independent eyewear brand,https://peepeyewear.com/;https://www.instagram.com/peepeyewear/
SZADE,@szade_eyewear,https://szade.com.au/,,Unknown,Independent eyewear brand,https://szade.com.au/;https://www.instagram.com/szade_eyewear/
Red Bull,@redbull,https://www.redbull.com/,,Unknown,Energy drink brand,https://www.redbull.com/;https://www.instagram.com/redbull/
Monster Energy,@monsterenergy,https://www.monsterenergy.com/,,Unknown,Energy drink brand,https://www.monsterenergy.com/;https://www.instagram.com/monsterenergy/
Rockstar Energy,@rockstarenergy,https://www.rockstarenergy.com/,,Unknown,Energy drink brand,https://www.rockstarenergy.com/;https://www.instagram.com/rockstarenergy/
Bang Energy,@bangenergy,https://www.bangenergy.com/,,Unknown,Energy drink brand,https://www.bangenergy.com/;https://www.instagram.com/bangenergy/
Celsius,@celsiusofficial,https://www.celsius.com/,,Unknown,Energy drink brand,https://www.celsius.com/;https://www.instagram.com/celsiusofficial/
Alani Nu,@alaninu,https://www.alaninu.com/,,Unknown,Energy drink brand,https://www.alaninu.com/;https://www.instagram.com/alaninu/
G FUEL,@gfuelenergy,https://gfuel.com/,,Unknown,Energy drink brand,https://gfuel.com/;https://www.instagram.com/gfuelenergy/
PRIME,@prime,https://drinkprime.com/,,Unknown,Energy drink brand,https://drinkprime.com/;https://www.instagram.com/prime/
Ghost Energy,@ghostenergy,https://drinkghost.com/,,Unknown,Energy drink brand,https://drinkghost.com/;https://www.instagram.com/ghostenergy/
Reign,@reignbodyfuel,https://www.reignbodyfuel.com/,,Unknown,Energy drink brand,https://www.reignbodyfuel.com/;https://www.instagram.com/reignbodyfuel/
NOS Energy,@nosenergy,https://www.drinknos.com/,,Unknown,Energy drink brand,https://www.drinknos.com/;https://www.instagram.com/nosenergy/
Full Throttle,@fullthrottle,https://www.fullthrottleenergy.com/,,Unknown,Energy drink brand,https://www.fullthrottleenergy.com/;https://www.instagram.com/fullthrottle/
AMP Energy,@ampenergy,https://www.ampenergy.com/,,Unknown,Energy drink brand,https://www.ampenergy.com/;https://www.instagram.com/ampenergy/
Rip It,@ripitenergyfuel,https://ripitenergy.com/,,Unknown,Energy drink brand,https://ripitenergy.com/;https://www.instagram.com/ripitenergyfuel/
5-hour Energy,@5hourenergy,https://5hourenergy.com/,,Unknown,Energy shot brand,https://5hourenergy.com/;https://www.instagram.com/5hourenergy/
ZOA Energy,@zoaenergy,https://zoaenergy.com/,,Unknown,Energy drink brand,https://zoaenergy.com/;https://www.instagram.com/zoaenergy/
Yerbae,@yerbae,https://yerbae.com/,,Unknown,Energy drink brand,https://yerbae.com/;https://www.instagram.com/yerbae/
Raze Energy,@razeenergy,https://razeenergy.com/,,Unknown,Energy drink brand,https://razeenergy.com/;https://www.instagram.com/razeenergy/
RYSE Fuel,@ryseenergy,https://rysesupps.com/,,Unknown,Energy drink brand,https://rysesupps.com/;https://www.instagram.com/ryseenergy/
C4 Energy,@c4energy,https://www.c4energy.com/,,Unknown,Energy drink brand,https://www.c4energy.com/;https://www.instagram.com/c4energy/
Xyience,@xyience,https://xyience.com/,,Unknown,Energy drink brand,https://xyience.com/;https://www.instagram.com/xyience/
Aspire,@aspiredrink,https://www.aspireenergy.com/,,Unknown,Energy drink brand,https://www.aspireenergy.com/;https://www.instagram.com/aspiredrink/
Vooglam,@vooglam,https://www.vooglam.com/,,Unknown,Online eyewear brand known for bold designer frames,https://www.vooglam.com/;https://www.instagram.com/vooglam/
Zeelool,@zeelool,https://www.zeelool.com,https://www.facebook.com/zeelooloptical/,Unknown,Affordable fashion eyewear and sunglasses brand,https://www.zeelool.com;https://www.instagram.com/zeelool/;https://www.facebook.com/zeelooloptical/
Pair Eyewear,@paireyewear,https://www.paireyewear.com/,https://www.facebook.com/paireyewear/,Unknown,Customizable glasses and sunglasses brand,https://www.paireyewear.com/;https://www.instagram.com/paireyewear/;https://www.facebook.com/paireyewear/
Coral Eyewear,@coraleyewear,https://www.coraleyewear.com/en-us,https://www.facebook.com/coraleyewear/,Unknown,Sustainable eyewear made from recycled plastic,https://www.coraleyewear.com/en-us;https://www.instagram.com/coraleyewear/;https://www.facebook.com/coraleyewear/
Blue Planet Eco-Eyewear,@blueplanetecoeyewear,https://blueplaneteyewear.com/,,Unknown,Eco-friendly eyewear brand (recycled materials),https://blueplaneteyewear.com/;https://www.instagram.com/blueplanetecoeyewear/
IDEE Eyewear,@ideeeyewear,https://idee-eyewear.com/,,Unknown,Indian eyewear/spectacles brand,https://idee-eyewear.com/;https://www.instagram.com/ideeeyewear/
Goet Eyewear,@goet.official,https://goeteyewear.com/,https://x.com/goeteyewear,Unknown,Modern luxury eyewear brand,https://goeteyewear.com/;https://www.instagram.com/goet.official/;https://x.com/goeteyewear
KPLUS Eyewear,@kplus_official,https://shop.kplusofficial.com/,,Unknown,Seoul-based eyewear design/manufacturing brand,https://shop.kplusofficial.com/;https://www.instagram.com/kplus_official/
CARIN Eyewear,@caringlasses_official,https://en.caringlasses.com/,,Unknown,Korean eyewear brand,https://en.caringlasses.com/;https://www.instagram.com/caringlasses_official/
VANNI Eyewear,@vannieyewear,https://www.vanniocchiali.com/,https://www.facebook.com/vanni.eyewear/,Unknown,Made in Italy eyewear brand (since 1987).,https://www.vanniocchiali.com/;https://www.instagram.com/vannieyewear/;https://www.facebook.com/vanni.eyewear/
Vinylize Eyewear,@vinylizeeyewear,https://vinylize.com/,,Unknown,Eyewear made from recycled vinyl records.,https://vinylize.com/;https://www.instagram.com/vinylizeeyewear/
Woodys Eyewear,@woodyseyewear,https://woodyseyewear.com/en/,https://www.linkedin.com/company/woodys-eyewear,Unknown,Barcelona-born designer eyewear brand.,https://woodyseyewear.com/en/;https://www.instagram.com/woodyseyewear/;https://www.linkedin.com/company/woodys-eyewear
Wiley X,@wileyx,https://www.wileyx.com/,https://www.facebook.com/wileyx/,Unknown,"Premium protective eyewear, veteran-founded.",
Wolf Eyewear,@wolfeyewearuk,https://www.wolfeyewear.com/,,Unknown,UK designer eyewear brand for independent opticians.,https://www.wolfeyewear.com/;https://www.instagram.com/wolfeyewearuk/
Walton & Mortimer,@waltonandmortimer,https://waltonmortimer.com/,https://www.facebook.com/waltonmortimereyewear/;https://x.com/walton_mortimer,Unknown,Luxury limited-edition sunglasses/eyewear.,https://waltonmortimer.com/;https://www.instagram.com/waltonandmortimer/;https://www.facebook.com/waltonmortimereyewear/;https://x.com/walton_mortimer
Coco and Breezy Eyewear,@cocoandbreezyeyewear,https://cocoandbreezy.com/,https://www.facebook.com/cocoandbreezyeyewear/,Unknown,Handcrafted designer eyewear brand,https://cocoandbreezy.com/;https://www.instagram.com/cocoandbreezyeyewear/;https://www.facebook.com/cocoandbreezyeyewear/
EPOKHE Eyewear,@epokhe,https://epokhe.co/,https://www.facebook.com/epokheeyewear/,Unknown,Premium eyewear brand est. 2012,https://epokhe.co/;https://www.instagram.com/epokhe/;https://www.facebook.com/epokheeyewear/
Pared Eyewear,@paredeyewear,https://www.paredeyewear.com/,https://www.tiktok.com/@paredeyewear,Unknown,Australian independent eyewear brand,https://www.paredeyewear.com/;https://www.instagram.com/paredeyewear/;https://www.tiktok.com/@paredeyewear
Lesca Lunetier,@lescalunetier,https://lescalunetier.com/en/,,Unknown,French heritage eyewear brand since 1964,https://lescalunetier.com/en/;https://www.instagram.com/lescalunetier/
KAIBOSH,@kaibosh_co,https://kaibosh.com/,https://www.facebook.com/KaiboshCo/,Unknown,Norwegian eyewear design/optician brand,https://kaibosh.com/;https://www.instagram.com/kaibosh_co/;https://www.facebook.com/KaiboshCo/
Pantos Paris,@pantosparis,https://www.pantos-paris.com/,,Unknown,French purist eyewear brand focused on the Pantos model.,https://www.pantos-paris.com/;https://www.instagram.com/pantosparis/
IRON Paris,@iron.paris,https://iron.paris/en/,,Unknown,Paris luxury eyewear label with minimalist design.,https://iron.paris/en/;https://www.instagram.com/iron.paris/
John Dalia,@johndalia,https://johndalia.com/,https://www.facebook.com/JohnDaliaEyewear/,Unknown,Paris-based luxury eyewear label.,https://johndalia.com/;https://www.instagram.com/johndalia/;https://www.facebook.com/JohnDaliaEyewear/
Tarian,@tarianparis,https://www.tarian.paris/en,,Unknown,Parisian designer eyewear brand (Tarian Paris).,https://www.tarian.paris/en;https://www.instagram.com/tarianparis/
Vasuma Eyewear,@vasumaeyewear,https://vasuma.com/,https://www.facebook.com/vasumaeyewear/,Unknown,Stockholm eyewear brand founded in 2005.,https://vasuma.com/;https://www.instagram.com/vasumaeyewear/;https://www.facebook.com/vasumaeyewear/
FAUVE Lunetier,@fauvelunetier,https://fauvelunetier.com/,https://fr.linkedin.com/company/fauve-lunetier,Unknown,French eyewear brand (ethically made in France).,https://fauvelunetier.com/;https://www.instagram.com/fauvelunetier/;https://fr.linkedin.com/company/fauve-lunetier
Silhouette Eyewear,@silhouetteeyewear,https://www.silhouette.com/us/us/home,https://www.facebook.com/silhouetteeyewear/,Unknown,Austrian lightweight luxury eyewear brand (since 1964).,https://www.silhouette.com/us/us/home;https://www.instagram.com/silhouetteeyewear/;https://www.facebook.com/silhouetteeyewear/
Ray-Ban,@rayban,https://www.ray-ban.com/,https://www.facebook.com/RayBan/,Unknown,Iconic global eyewear brand (since 1937).,https://www.ray-ban.com/;https://www.instagram.com/rayban/;https://www.facebook.com/RayBan/
Oakley,@oakley,https://www.oakley.com/en-us,https://www.facebook.com/oakley,Unknown,Performance/sport eyewear brand.,https://www.oakley.com/en-us;https://www.instagram.com/oakley/;https://www.facebook.com/oakley
GlassesUSA,@glassesusa,https://www.glassesusa.com/,https://www.facebook.com/GlassesUSA/,Unknown,Online eyewear retailer with wide frame selection.,https://www.glassesusa.com/;https://www.instagram.com/glassesusa/;https://www.facebook.com/GlassesUSA/
Bollé,@bolle_eyewear,https://www.bolle.com/us/,,Unknown,Performance eyewear brand (since 1888).,https://www.bolle.com/us/;https://www.instagram.com/bolle_eyewear/
Monokel Eyewear,@monokeleyewear,https://monokel-eyewear.com/,,Unknown,Stockholm-based sustainable eyewear brand.,https://monokel-eyewear.com/;https://www.instagram.com/monokeleyewear/
MESSYWEEKEND,@messyweekendco,https://messyweekend.com/,,Unknown,Copenhagen eyewear and goggles brand.,https://messyweekend.com/;https://www.instagram.com/messyweekendco/
CAZAL,@cazal_official,https://www.cazal-eyewear.com/en,,Unknown,German luxury eyewear brand (since 1975).,https://www.cazal-eyewear.com/en;https://www.instagram.com/cazal_official/
Shuron,@shuroneyewear,https://shuron.com/,,Unknown,US eyewear manufacturer founded in 1865.,https://shuron.com/;https://www.instagram.com/shuroneyewear/
EYEWEAR by DAVID BECKHAM,@dbeyewear,https://davidbeckhameyewear.com/,https://www.facebook.com/dbeyewear/,Unknown,Designer eyewear line inspired by David Beckham.,https://davidbeckhameyewear.com/;https://www.instagram.com/dbeyewear/;https://www.facebook.com/dbeyewear/
Veronika Wildgruber Eyewear,@veronikawildgrubereyewear,https://veronikawildgruber.com/,,Unknown,Independent eyewear design from Berlin,https://veronikawildgruber.com/;https://www.instagram.com/veronikawildgrubereyewear/
XIT Eyewear,@xiteyewear,https://www.xiteyewear.com/,,Unknown,French design optical frames,https://www.xiteyewear.com/;https://www.instagram.com/xiteyewear/
William Morris London,@williammorris_ldn,https://www.williammorris.co.uk/,,Unknown,British-inspired eyewear brand from London,https://www.williammorris.co.uk/;https://www.instagram.com/williammorris_ldn/
Xavier Garcia Barcelona,@xaviergarciabarcelona,https://www.xaviergarcia.design/en/,https://www.linkedin.com/company/xavier-garcia-barcelona,Unknown,Independent eyewear brand designed in Barcelona,https://www.xaviergarcia.design/en/;https://www.instagram.com/xaviergarciabarcelona/;https://www.linkedin.com/company/xavier-garcia-barcelona
GURU Energy,@guruenergy,https://www.guruenergy.com/,,Unknown,Energy drink brand,https://www.guruenergy.com/;https://www.instagram.com/guruenergy/
HI-BALL Energy,@hiballenergy,https://hiball.com/,,Unknown,Energy drink brand,https://hiball.com/;https://www.instagram.com/hiballenergy/
Jolt Cola,@joltcola,https://www.joltcola.com/,,Unknown,Energy drink brand,https://www.joltcola.com/;https://www.instagram.com/joltcola/
UPTIME Energy,@uptimeenergy,https://www.uptimeenergy.com/,,Unknown,Energy drink brand,https://www.uptimeenergy.com/;https://www.instagram.com/uptimeenergy/
Proper Wild,@properwild,https://www.properwild.com/,,Unknown,Energy drink brand,https://www.properwild.com/;https://www.instagram.com/properwild/
EBOOST,@eboost,https://www.eboost.com/,,Unknown,Energy drink brand,https://www.eboost.com/;https://www.instagram.com/eboost/
Zipfizz,@zipfizz,https://zipfizz.com/,,Unknown,Energy drink brand,https://zipfizz.com/;https://www.instagram.com/zipfizz/
Kill Cliff,@killcliff,https://killcliff.com/,,Unknown,Energy drink brand,https://killcliff.com/;https://www.instagram.com/killcliff/
Steaz Energy,@steaz,https://www.steaz.com/,,Unknown,Energy drink brand,https://www.steaz.com/;https://www.instagram.com/steaz/
Rowdy Energy,@rowdyenergy,https://rowdyenergy.com/,,Unknown,Energy drink brand,https://rowdyenergy.com/;https://www.instagram.com/rowdyenergy/
ASHOC Energy,@ashoc,https://www.ashoc.com/,,Unknown,Energy drink brand,https://www.ashoc.com/;https://www.instagram.com/ashoc/
Jocko GO,@jockogo,https://jockofuel.com/,,Unknown,Energy drink brand,https://jockofuel.com/;https://www.instagram.com/jockogo/
Bing Energy,@bingenergydrink,https://bingenergy.com/,,Unknown,Energy drink brand,https://bingenergy.com/;https://www.instagram.com/bingenergydrink/
XS Energy,@xsenergy,https://www.xsenergy.com/,,Unknown,Energy drink brand,https://www.xsenergy.com/;https://www.instagram.com/xsenergy/
V8 Energy,@v8,https://www.v8juice.com/energy/,,Unknown,Energy drink brand,https://www.v8juice.com/energy/;https://www.instagram.com/v8/
REIZE,@reizeclub,https://reizeclub.com/,,Unknown,Energy drink brand,https://reizeclub.com/;https://www.instagram.com/reizeclub/
Sneak Energy,@sneakenergy,https://sneakenergy.com/,,Unknown,Energy drink brand,https://sneakenergy.com/;https://www.instagram.com/sneakenergy/
BAWLS,@bawls,https://www.bawls.com/,,Unknown,Energy drink brand,https://www.bawls.com/;https://www.instagram.com/bawls/
Zevia Energy,@zevia,https://www.zevia.com/collections/energy/,,Unknown,Energy drink brand,https://www.zevia.com/collections/energy/;https://www.instagram.com/zevia/
LIFEAID,@lifeaid,https://lifeaidbevco.com/,,Unknown,Energy drink brand,https://lifeaidbevco.com/;https://www.instagram.com/lifeaid/
Unofficial Eyewear,@unofficial.eyewear,https://www.unofficial-eyewear.com/,,Unknown,Fashion-forward eyewear brand,https://www.unofficial-eyewear.com/;https://www.instagram.com/unofficial.eyewear/
Glassy Eyewear,@glassyeyewear,https://glassyeyewear.com/,,Unknown,Affordable eyewear brand (sunglasses and blue light),https://glassyeyewear.com/;https://www.instagram.com/glassyeyewear/
GLAS Eyewear,@glas.eyewear,https://www.glaseyewear.com/,https://www.facebook.com/wearglasofficial/,Unknown,Stockholm-designed premium eyewear,https://www.glaseyewear.com/;https://www.instagram.com/glas.eyewear/;https://www.facebook.com/wearglasofficial/
Otra Eyewear,@otraeyewear,https://www.otraeyewear.com/,https://www.facebook.com/otraeyewearofficial/,Unknown,Australian-designed eyewear brand,https://www.otraeyewear.com/;https://www.instagram.com/otraeyewear/;https://www.facebook.com/otraeyewearofficial/
Ombraz,@ombraz,https://ombraz.com/,,Unknown,Armless sunglasses brand,https://ombraz.com/;https://www.instagram.com/ombraz/
MEMORÍ Eyewear,@memori.eyewear,https://memorieyewear.com/,,Unknown,Narrow-fit luxury eyewear handmade in Italy,https://memorieyewear.com/;https://www.instagram.com/memori.eyewear/
Banton Frameworks,@bantonframeworks,https://www.bantonframeworks.co.uk/,,Unknown,Independent UK eyewear brand (handcrafted),https://www.bantonframeworks.co.uk/;https://www.instagram.com/bantonframeworks/
Sama Eyewear,@samaeyewear,https://samaeyewear.com/,https://www.facebook.com/samaeyewear/,Unknown,Luxury fashion eyewear brand,https://samaeyewear.com/;https://www.instagram.com/samaeyewear/;https://www.facebook.com/samaeyewear/
Kirk & Kirk,@kirkandkirk,https://kirkandkirk.com/,,Unknown,Distinctive UK eyewear brand,https://kirkandkirk.com/;https://www.instagram.com/kirkandkirk/
Blake Kuwahara,@blakekuwahara,https://blakekuwahara.com/,https://www.facebook.com/blakekuwahara/,Unknown,Designer eyewear handcrafted in Japan,https://blakekuwahara.com/;https://www.instagram.com/blakekuwahara/;https://www.facebook.com/blakekuwahara/
Kaneko Optical,@kaneko_optical,https://www.kaneko-optical.co.jp/en/,,Unknown,Japanese handcrafted eyewear brand,https://www.kaneko-optical.co.jp/en/;https://www.instagram.com/kaneko_optical/
Red Raven Eyewear,@redraveneyewear,https://myredraven.com/,https://www.facebook.com/RedRavenEyewear,Unknown,Greek eyewear brand (Athens).,https://myredraven.com/;https://www.instagram.com/redraveneyewear/
Dresden Vision,@dresdenvision,https://dresden.vision/,https://www.facebook.com/dresdenvision/,Unknown,Australian-made sustainable eyewear.,https://dresden.vision/;https://www.instagram.com/dresdenvision/
RIGARDS,@rigards,https://www.rigards.com/,,Unknown,Artisanal eyewear label.,https://www.rigards.com/;https://www.instagram.com/rigards/
ROAV Eyewear,@roaveyewear,https://roaveyewear.com/,,Unknown,Foldable technical eyewear.,https://roaveyewear.com/;https://www.instagram.com/roaveyewear/
Peepers,@peepers,https://www.peepers.com/,,Unknown,Reading glasses + blue light.,https://www.peepers.com/;https://www.instagram.com/peepers/
FREYRS Eyewear,@freyrs_sunglasses,https://freyrs.com/,https://www.facebook.com/FreyrsFans/,Unknown,Affordable designer sunglasses (Chicago).,https://freyrs.com/;https://www.instagram.com/freyrs_sunglasses/
Valdo Eyewear,@valdoeyewear,https://valdoeyewear.com/,,Unknown,Italian-made luxury eyewear brand,https://valdoeyewear.com/;https://www.instagram.com/valdoeyewear/
vonBogen Eyewear,@vonbogen_eyewear,https://www.vonbogen.de/,,Unknown,German handmade eyewear brand,https://www.vonbogen.de/;https://www.instagram.com/vonbogen_eyewear/
Wesley Knight,@wesleyknight,https://www.wesley-knight.com,https://www.facebook.com/WesleyKnightBespoke/,Unknown,Bespoke eyewear maker (Nashville),https://www.wesley-knight.com;https://www.instagram.com/wesleyknight/;https://www.facebook.com/WesleyKnightBespoke/
WISSING Brillenarchitektur,@wissing_brillenarchitektur,https://www.wissing.eu/en/,,Unknown,Handmade eyewear since 1953 (Germany),https://www.wissing.eu/en/;https://www.instagram.com/wissing_brillenarchitektur/
Zen Eyewear (Zen Barcelona),@zen_eyewear,https://zen-eyewear.com/,https://www.facebook.com/ZenEyewear/,Unknown,Barcelona-based colorful eyewear brand,https://zen-eyewear.com/;https://www.instagram.com/zen_eyewear/;https://www.facebook.com/ZenEyewear/
DMY by DMY,@dmybydmy,https://dmybydmy.com/,,Unknown,Independent British eyewear brand (DMY Studios).,https://dmybydmy.com/;https://www.instagram.com/dmybydmy/
Poppy Lissiman,@poppylissiman,https://poppylissiman.com/,,Unknown,Australian accessories/eyewear brand.,https://poppylissiman.com/;https://www.instagram.com/poppylissiman/
Roberi & Fraud,@roberi.fraud,https://roberifraud.com/,,Unknown,Fashion eyewear brand known for celebrity adoption.,https://roberifraud.com/;https://www.instagram.com/roberi.fraud/
Lexxola,@lexxola,https://lexxola.com/en-us,,Unknown,Eyewear for city life (Lexxola).,https://lexxola.com/en-us;https://www.instagram.com/lexxola/
Oscar & Frank,@oscarandfrank,https://oscarandfrank.com/,,Unknown,Australian handcrafted eyewear label.,https://oscarandfrank.com/;https://www.instagram.com/oscarandfrank/
Karen Wazen,@bykarenwazen,https://karenwazen.com/,,Unknown,Designer eyewear/accessories brand (Karen Wazen Collection).,https://karenwazen.com/;https://www.instagram.com/bykarenwazen/
goodr,@goodr,,,Unknown,,https://www.instagram.com/goodr/
Marchon Eyewear,@marchoneyewear,,,Unknown,,https://www.instagram.com/marchoneyewear/
Independent Eyewear,@_independent_eyewear_,,,Unknown,,https://www.instagram.com/_independent_eyewear_/
Vogue Eyewear,@vogueeyewear,https://www.vogue-eyewear.com/us,https://www.facebook.com/Vogue.Eyewear/,Unknown,Fashion eyewear brand (Luxottica).,https://www.vogue-eyewear.com/us;https://www.instagram.com/vogueeyewear/;https://www.facebook.com/Vogue.Eyewear/
Tom Ford Eyewear,@tomford,https://www.tomfordfashion.com/en-us/eyewear/,,Unknown,Luxury designer eyewear line.,https://www.tomfordfashion.com/en-us/eyewear/;https://www.instagram.com/tomford/
Prada Eyewear,@prada.eyewear,https://www.prada.com/us/en/pradasphere/eyewear.html,,Unknown,Luxury fashion eyewear line.,https://www.prada.com/us/en/pradasphere/eyewear.html;https://www.instagram.com/prada.eyewear/
CELINE Eyewear,@celine,https://www.celine.com/en-us/celine-shop-women/accessories/sunglasses/,,Unknown,Luxury fashion eyewear collection.,https://www.celine.com/en-us/celine-shop-women/accessories/sunglasses/;https://www.instagram.com/celine/
CHANEL Eyewear,@chanel,https://www.chanel.com/us/eyewear/,,Unknown,Luxury fashion eyewear collection.,https://www.chanel.com/us/eyewear/;https://www.instagram.com/chanel/
Gucci Eyewear,@gucci,https://www.gucci.com/us/en/ca/women/accessories-for-women/eyewear-for-women-c-women-eyewear,,Unknown,Luxury fashion eyewear collection.,https://www.gucci.com/us/en/ca/women/accessories-for-women/eyewear-for-women-c-women-eyewear;https://www.instagram.com/gucci/
Bottega Veneta,@bottegavenetaworld,https://www.bottegaveneta.com/en-us/women-collection-us/women-eyewear,,Unknown,Luxury fashion eyewear line (Bottega Veneta).,https://www.bottegaveneta.com/en-us/women-collection-us/women-eyewear;https://www.instagram.com/bottegavenetaworld/
Balenciaga,@balenciaga,https://www.balenciaga.com/en-us/all/accessories/sunglasses,,Unknown,Luxury fashion eyewear/sunglasses line (Balenciaga).,https://www.balenciaga.com/en-us/all/accessories/sunglasses;https://www.instagram.com/balenciaga/
Burberry,@burberry,https://us.burberry.com/c/eyewear/,,Unknown,Luxury fashion eyewear line (Burberry).,https://us.burberry.com/c/eyewear/;https://www.instagram.com/burberry/
Saint Laurent,@ysl,https://www.keringeyewear.com/brands/saint-laurent,,Unknown,Luxury fashion eyewear line (Saint Laurent).,https://www.keringeyewear.com/brands/saint-laurent;https://www.instagram.com/ysl/
Chloé,@chloe,https://www.chloe.com/en-us/c/eyewear/sunglasses,,Unknown,Luxury fashion eyewear line (Chloé).,https://www.chloe.com/en-us/c/eyewear/sunglasses;https://www.instagram.com/chloe/
FAKEME,@fakeme_official,https://gofakeme.com/,,Unknown,Korean eyewear brand (FAKEME).,https://www.instagram.com/fakeme_official/;https://gofakeme.com/category/fakeme/311/
PROJEKT PRODUKT,@projektprodukt,https://en.projektprodukt.co.kr/,,Unknown,Korean eyewear brand (Projekt Produkt).,https://www.instagram.com/projektprodukt/;https://en.projektprodukt.co.kr/
SPEKTRE EYEWEAR,@spektresunglasses,https://spektre.com/,,Unknown,Milan-made eyewear brand (Spektre).,https://www.instagram.com/spektresunglasses/;https://spektre.com/
American Optical,@aoeyewear,https://aoeyewear.com/,,Unknown,Heritage eyewear brand (AO) made in USA since 1833.,https://aoeyewear.com/;https://www.instagram.com/aoeyewear/
Bellinger,@bellingereyewear,https://bellingerhouse.com/,https://www.facebook.com/BellingerEyewear/,Unknown,Danish-designed colorful eyewear brand.,https://bellingerhouse.com/;https://www.instagram.com/bellingereyewear/;https://www.facebook.com/BellingerEyewear/
BRETT Eyewear,@brett_eyewear,https://brett-eyewear.com/,,Unknown,Retro-inspired optical & sun frames (drivers).,https://brett-eyewear.com/;https://www.instagram.com/brett_eyewear/
evil eye,@evileye.eyewear,https://www.evileye.com/en/home,https://www.facebook.com/evileye.eyewear/,Unknown,High-performance sports eyewear made in Austria.,https://www.evileye.com/en/home;https://www.instagram.com/evileye.eyewear/;https://www.facebook.com/evileye.eyewear/
Visionario Eyewear,@visionarioshop,https://www.visionarioshop.com/gb/,https://www.facebook.com/visionarioshop/;https://www.linkedin.com/company/visionarioshop,Unknown,Independent eyewear brand from Barcelona.,https://www.instagram.com/visionarioshop/;https://www.visionarioshop.com/gb/;https://www.facebook.com/visionarioshop/;https://www.linkedin.com/company/visionarioshop
Gabi Eyewear,@gabigabi_eyewear,https://www.gabi-eyewear.com/,,Unknown,Independent London-based sunglasses brand.,https://www.instagram.com/gabigabi_eyewear/;https://www.gabi-eyewear.com/
